Var1,Freq
modern literature,93
literature,66
Classical novel,62
Chinese literature,61
Study,61
Taiwanese literature,53
Folk literature,51
Song and Ming dynasty,47
linguistics,47
History of Chinese thought,46
Literary theory,45
Phonology,42
Exegesis,41
Classics,38
aesthetics,30
Taiwan history,30
History of Chinese literature,29
Chinese teaching,29
Literary criticism,28
calligraphy,28
Book of Songs,28
Classical poetry,27
Historical record,27
Taiwanese literature,27
Buddhism,26
Children's literature,25
Modern novel,25
Chinese Philosophy,24
Ancient philology,23
Taiwan history,23
Four books,22
Chinese teaching,22
Modern prose,21
Modern poetry,21
Cisology,20
literature,19
Epistemology,19
Ethics,19
History of Chinese philosophy,18
Philology,18
Classical drama,18
Political philosophy,18
Application,18
Chinese ancient history,17
Chinese literature novels,17
Chinese literary criticism,17
Chinese thought,17
Modern history of China,17
culture Research,17
Popular literature,17
Chinese teaching,17
Chinese classical novel,16
Zuo Zhuan,16
Rhetoric,16
Chinese medieval history,15
Qing history,15
History of classics,15
Poetics,15
Comparative literature,14
Classical prose,14
Pre-Qin,14
Sui and Tang Dynasties,14
Philosophy of language,14
Confucianism,14
Philosophy of mind,13
Cultural history,13
Literary History,13
Song history,13
Yijing,13
Chu Ci,13
Female literature,12
History of Chinese history,12
Chinese philosophical factions and doctrines,12
Classical poetry,12
Sociolinguistics,12
Chinese,12
Dunhuang Studies,12
Modern Chinese History,11
Chinese literature,11
Literary theory and criticism,11
Zhou Yi,11
Ming and Qing literature,11
Qin Han History,11
Taoist thought,11
Chinese grammar,11
Confucian philosophy,11
Wei and Jin Metaphysics,11
logic,11
Chinese literature poetry,10
Cultural and creative industries,10
Cultural assets,10
Classical poetics,10
Ming history,10
Tang Dynasty literature,10
Scorpion,10
Zhuangzi,10
Book information science,10
Art History,10
China's modern history,9
Chinese modern and contemporary literature,9
Six dynasty literature,9
Wen Xin Diao Long,9
Classical poetry,9
Preq Qin Confucianism,9
Laozi,9
Marketing management,9
Buddhist literature,9
Religious philosophy,9
Shang Shu,9
Knowledge management,9
museology,9
Hermeneutics,9
Chinese linguistics,9
Phonetics,9
Wei Jin Southern and Northern Dynasties,9
Chinese philology,8
Chinese classical literature,8
Chinese history of classics,8
Chinese poetics,8
Chinese art history,8
History of history,8
Directory version,8
Bibliography,8
philosophy,8
myth,8
Mythology,8
Modern literary novel,8
Phenomenology,8
Chinese phonology,8
Confucianism,8
Wei Jin literature,8
General history of China,7
Cultural anthropology,7
Creative writing,7
Taiwanese literature,7
History of Taiwanese literature,7
Historical theory,7
folklore,7
Lao Zhuang philosophy,7
History of Western History,7
Composition teaching,7
Greek philosophy,7
Metaphysics,7
Gender study,7
Ming and Qing history,7
History of Thought,7
Spring and Autumn Studies,7
Philosophy of science,7
Dream of the Red Chamber,7
British history,7
Calligraphy aesthetics,7
Kant philosophy,7
Information behavior,7
Chinese teaching,7
Applied ethics,7
drama,7
Book of Rites,7
Oral history,6
Sub-study and the history of academic thought,6
Fiction,6
Chinese literature and popular literature,6
Chinese literature prose,6
Chinese literature and drama,6
Chinese philology,6
Chinese classical opera,6
Chinese language,6
Japanese history,6
ancient script,6
Oracle,6
Pre-Qin History,6
Pre-Qin Thought,6
Easy to learn,6
Community building,6
Reportage literature,6
word,6
Lexicology,6
Chinese dialectology,6
Chinese lexicology,6
Chinese grammar,6
Grammar,6
Historical education,6
drama,6
Etiquette,6
Logic philosophy,6
human resource Management,5
Three gifts,5
Feminism,5
Chinese literature,5
Chinese Buddhism,5
Chinese myth,5
Taiwan history during the Japanese occupation,5
New language,5
Unearthed literature,5
Field investigation,5
Oracle,5
Lao Zhuang,5
Western medieval history,5
Western literature theory,5
Buddhist philosophy,5
Song Dynasty literature,5
Song Ci,5
Religious history,5
Ming Dynasty literature,5
Ming and Qing novels,5
Social history,5
Spring and Autumn Three Passage,5
Research methods,5
History of technology,5
American history,5
Ethics and moral philosophy,5
Aboriginal literature,5
Tang poetry,5
History of calligraphy,5
Professional ethics,5
Qing Dynasty literature,5
Academic history of the Qing Dynasty,5
Popular literature,5
prose,5
Chinese society and culture,5
New poetry,5
Poetry,5
Information organization,5
Information retrieval,5
Taoist philosophy,5
Book literature,5
Library management,5
Taiwan Classical Literature,5
Language and culture,5
Minnan Language,5
Digital learning,5
Modern history of Europe,5
Selected works of the past,5
Historical geography,5
Historical linguistics,5
Liao Jinyuan History,5
Ci Fuxue,5
Reader service,5
Philosophy of life,4
Novel creation,4
History of Sino-Japanese relations,4
Chinese classical poetry,4
Chinese classical poetics,4
History of modern Chinese thought,4
Chinese aesthetics,4
General Theory of Chinese Philosophy,4
Chinese women's history,4
Chinese economic history,4
Chinese opera,4
Literary review,4
Literary communication,4
Introduction to literature,4
Literary aesthetics,4
Japanese Sinology,4
Comparative philosophy,4
world history,4
ancient Chinese,4
Classical poetry,4
Taiwan Classical Literature,4
Historical method,4
Pre-Qin philosophy,4
Pre-Qin academic thought history,4
Western history,4
Western art history,4
Song poetry,4
Ming and Qing Dynasties,4
Academic thought in the Ming and Qing,4
Southeast Asian history,4
Legal philosophy,4
Version,4
Hakka literature,4
thought,4
Political history,4
Spring and autumn,4
American history,4
Teaching English,4
Phonology,4
General theory of ethics,4
Tang and Song Dynasties,4
Travel literature,4
Calligraphy theory,4
Calligraphy creation,4
Calligraphy,4
Chinese textbook teaching method,4
Chinese teaching research,4
Mandarin phonetics,4
Narrative,4
Educational philosophy,4
Science,4
Zhuangzi Thought,4
Dunhuang Turfan,4
Visual communication design,4
Sui and Tang literature,4
Traditional opera,4
news creating,4
Contemporary drama,4
poetry,4
Poetry,4
The Book of Songs,4
Information literacy,4
E-commerce,4
Chinese character teaching,4
Chinese phonology,4
History of Taiwanese literature,4
Pragmatics,4
Digital library,4
Engraving,4
Editorial practice,4
Analects,4
Confucianism and Taoism,4
Han Fei,4
Cifu,4
photography,4
anthropology,3
Three Kingdoms,3
Mainland modern and contemporary literature,3
Contemporary literature in mainland China,3
Child learning,3
primary school,3
industrial design,3
Chinese literature,3
Chinese literary theory,3
Chinese classical literature theory,3
Chinese history,3
Chinese diplomatic history,3
Chinese social and cultural history,3
History of Chinese political system,3
A special study on the history of Chinese philosophy,3
Chinese philosophy history,3
Chinese language knowledge application,3
Chinese academic history,3
Cultural geography,3
Cultural administration,3
curtural innovation,3
Text evolution,3
Grammar and rhetoric,3
Grammar,3
Article study,3
Literature appreciation,3
Literature and film,3
Literary theory,3
Modern history of the world,3
World history,3
Subject analysis,3
Publication history,3
Publishing,3
Classical literary theory,3
Ancient Chinese grammar,3
Digitalization of ancient books,3
Syntax,3
Taiwanese cultural history,3
Taiwanese folklore,3
Taiwan Folklore and Culture,3
Taiwan Modern and Contemporary Literature,3
Historical literature,3
Historiography,3
Historiography and methodology,3
Diplomatic history,3
Nietzsche philosophy,3
Graphic design,3
National language,3
Life and death,3
Life education,3
Pre-Qin Taoist philosophy,3
Pre-Qin School,3
Pre-Qin Confucianism,3
multimedia,3
Lao Zhuang thought,3
Western ancient history,3
Western modern history,3
History of the Song Dynasty,3
Social history of the Song Dynasty,3
Critical theory,3
History of academic thoughts in the Han Dynasty,3
Religious literature,3
French,3
Legal history,3
Legalist philosophy,3
Social economic history,3
interior design,3
Performance art,3
Modern literature,3
Architectural history,3
Philosophy of Science and Methodology,3
Red school,3
Aesthetic research,3
Aesthetics and philosophy of art,3
British modern history,3
Tang and Song,3
Proofreading,3
Marine history,3
Jewelry Design,3
Regional literature,3
Reference service,3
National language teaching,3
Women's literature,3
education,3
Teaching grammar,3
Sanskrit,3
Qing Dynasty academic,3
Modern literary theory,3
Modern drama,3
Second language acquisition,3
Organizational behavior,3
design,3
Tao Xie Shi,3
Creative thinking,3
fable,3
Prose creation,3
Sanqu,3
Chinese language teaching materials,3
Chinese grammar,3
Visual culture research,3
Song selection and work,3
The history of the Sui and Tang Dynasties,3
Communication,3
New media research,3
Contemporary French philosophy,3
Classical hermeneutics,3
Information management,3
Han Dynasty Historiography,3
Taiwan regional history,3
Cognitive linguistics,3
Writing teaching,3
Film history,3
German history,3
German conception,3
Digital collection,3
Yuefu poem,3
European philosophy,3
Editing,3
Fu Xue,3
Confucianism,3
Academic history,3
Academic communication,3
Postwar Taiwan novels,3
history,3
Historical grammar,3
History,3
Collection development,3
File management,3
Environmental history,3
Han Liuwen,3
Simple learning,3
Wei Jin Southern and Northern Dynasties Literature,3
Artistic philosophy,3
Artistic theory,3
19th century German painting,2
Human geography,2
Human-Computer Interaction,2
human rights,2
British and French history from the eleventh to the thirteenth centuries,2
Thirteenth century British politics,2
Three religions,2
Oral literature,2
Shilin philosophy,2
Big one national language,2
Mahayana Buddhism,2
Mass communication,2
General knowledge,2
Novel research,2
Chinese writing,2
Chinese and Japanese comparative literature,2
Chinese and Western art history,2
Central Asia and North Asia History,2
History of Sino-British Relations,2
Chinese cultural history,2
History of Chinese literary criticism,2
Chinese literature,2
General Theory of Chinese Literature,2
Ancient Chinese social history,2
Chinese classical prose,2
Chinese classical poetry,2
Chinese bibliography,2
Chinese Buddhist History,2
Chinese social history,2
China's nearly three hundred years of academic history,2
History of Chinese calligraphy,2
Chinese calligraphy and painting history,2
Chinese calligraphy and painting theory,2
Chinese modern literature,2
Chinese modern and contemporary novels,2
Chinese traditional novel,2
History of Chinese economic thought,2
Chinese language ability expression,2
History of Chinese academic thought,2
Chinese drama,2
Chinese phonology,2
Chinese etiquette history,2
Chinese logic,2
Six dynasty literature,2
Six dynasties,2
Six Dynasty poetry,2
Minority literature,2
Psycholinguology,2
psychology,2
Support administrative work,2
Cultural policy,2
Cultural philosophy,2
Culture Industry,2
Introduction to Cultural Industry,2
Cultural and creative marketing,2
Cultural and creative industry analysis and diagnosis,2
Cultural sightseeing,2
Document processing,2
Wenchuang product design,2
Literary history theory,2
Literary criticism theory,2
Literary criticism and aesthetics,2
Literary sociology,2
Literary theory and literary criticism,2
Stylistics,2
Fang Zhixue,2
Dialectology,2
Japanese Chinese Literature,2
Taiwan history during the Japanese occupation,2
Taiwan's social and cultural history during the Japanese occupation,2
Modern history of the world,2
World Heritage,2
Publishing editorial,2
Package Design,2
Ancient,2
Classical literary criticism,2
Classical poetry,2
Taiwan's modern history,2
Taiwan's modern history,2
Taiwanese proverbs,2
Taiwan art history,2
Taiwanese traditional drama,2
Taiwanese language,2
Taiwan Language Research and Teaching,2
Taiwanese opera,2
Historiography methods and theories,2
General history,2
Siku,2
Plane image processing,2
Early academic,2
Ethnic history,2
Folk religion,2
Folk legend,2
Philosophy of life,2
Traffic history,2
Pre-Qin Master Philosophy,2
Pre-Qin and Han Dynasties,2
Pre-Qin prose,2
Pre-Qin Taoist,2
Pre-Qin Taoist Thought,2
Pre-Qin Confucian philosophy,2
Indian Buddhism,2
Geographic information system,2
multi-media design,2
Multimedia production,2
Qu Xue,2
archeology,2
archeology,2
Natural philosophy,2
Natural writing,2
Chromatics,2
Philosophy of action,2
Marketing plan,2
Western literary theory,2
Western modern thought,2
Western modern philosophy,2
Western modern history,2
History of Western Philosophy,2
Buddhism,2
Buddhist thought,2
Buddhist art,2
art of war,2
Song Yuanshi,2
Poetics in the Song Dynasty,2
Academic Thoughts in the Song Dynasty,2
"Song, Liao, Jin Yuanshi",2
Greek history,2
Formal logic,2
Li Shangyin,2
Children's philosophy,2
Two Han thoughts,2
Two Han Philosophy,2
Mencius,2
Latin,2
Ming Dynasty novel,2
Ming Dynasty poetics,2
Ming and Qing essays,2
Yijing philosophy,2
Service management,2
East-west traffic history,2
History of cultural exchanges in East Asia,2
East Asian International Relations Studies,2
Martial arts novel,2
History of the French Revolution,2
French history,2
Overall community building,2
Social philosophy,2
sociology,2
History of Sino-Japanese Relations in Modern Times,2
Modern literature,2
Jin Shixue,2
Metalworking,2
Nonlinear video clip,2
Russian history,2
Hakka research,2
Guest grammar,2
politics,2
Pop music,2
History of science,2
American diplomatic history,2
Southern history,2
American Chinese History,2
Husserl philosophy,2
Econometric,2
Computing linguistics,2
Computer network,2
Individual economics,2
Natives' culture,2
Philosophical consultation,2
Tang and Five Dynasties,2
Tang and Song poetry,2
Tang and Song poetry,2
Tang and Song poetry,2
The Art of War,2
School dropout,2
Heidegger philosophy,2
Consumer Behavior,2
sketch,2
Financial Management,2
Advanced management,2
Regional comparative study,2
Regional research,2
Regional Planning,2
Reference resource,2
Commercial space design,2
History of enlightenment,2
National Language Teaching Materials,2
National Primary School Teaching Internship,2
National sound,2
National sound science,2
History of international relations,2
National studies,2
National Studies Guide,2
Extraterrestrial Chinese novels,2
History of Christianity,2
Women's history,2
Expert poem,2
Project management,2
Kunqu,2
Interview writing,2
Narrative literature,2
Teaching material,2
Instructional design,2
Late Qing novel,2
Late Qing literature,2
History of Thought in the Qing Dynasty,2
Qing Dynasty archives,2
History of academic thought,2
Modern literary creation,2
General theory of modern literature,2
Modernist literature,2
Modern poetics,2
modern Chinese,2
Modern Chinese linguistics,2
Modern and contemporary novels,2
Modern and contemporary literature,2
product design,2
Industrial Development,2
Semiotics,2
Strange Tales of Liaozhai,2
Design method,2
Design history,2
Design thinking,2
Shape art,2
creation,2
museum,2
Fable literature,2
Tragedy theory,2
Intangible cultural assets,2
Programming,2
Fairy tale creation,2
Strategic management,2
Strategic alliance,2
Chinese spoken and expressed,2
Chinese textbook teaching method,2
visual design,2
Visual communication,2
Visual art creation,2
Lyrics,2
Vietnamese,2
History of Sui and Tang Dynasties,2
Food Culture,2
Dietary literature,2
Biographical literature,2
Traditional crafts,2
News interview and writing,2
News compilation and writing,2
Journalism,2
Neo-Confucian philosophy,2
Contemporary Chinese philosophy,2
Contemporary literary theory,2
Contemporary neo-Confucianism,2
Contemporary art history,2
Economic history,2
Management,2
Righteousness,2
Deconstruction theory,2
Poetry creation,2
Poetry,2
Poetic aesthetics,2
Poetic theory,2
Zizhitongjian,2
Information security,2
Information dissemination,2
Cross-cultural research,2
Taoism,2
Taoist thought,2
Taoism,2
Moral philosophy,2
Electronic government,2
Computer network,2
Computer drawing,2
Film literature,2
Film research,2
Film aesthetics,2
Book management,2
Singing,2
Manchu literature,2
Social history of the Han Dynasty,2
Han Dynasty Thought,2
Han Dynasty Classics,2
Han Dynasty Academic,2
Chinese dialect,2
Chinese phonetic history,2
Chinese semantics,2
Chinese semantics,2
Chinese vocabulary,2
Han Fu,2
Sinology Japanese,2
Han Wei and Six Dynasties literature,2
Han Wei and Six Dynasties,2
Web Design,2
Website design,2
Internet marketing,2
Network resources,2
Taiwanese culture,2
Taiwan research,2
Taiwan Aboriginal History,2
Taiwan economic history,2
Philosophy of cognitive science,2
Chinese textbook teaching method,2
Language style,2
Semantics,2
Semantics,2
Saying literature,2
writing,2
Advertising proposal,2
Advertising Design,2
Virtue ethics,2
Modern history of Germany,2
Digital humanities,2
Digital humanities,2
Digital content,2
Digital publishing,2
Mathematical philosophy,2
European cultural history,2
History of European countries,2
Ou Suwen,2
edit,2
edited and published,2
Edit interview,2
Editorial theory and practice,2
Editing and publishing,2
Editing and interviewing,2
On Meng,2
Zhuzi,2
Qualitative research,2
Reading and writing,2
General history of academic thought,2
Historical philosophy,2
sculpture,2
Applied literature,2
Application language,2
Drama study,2
Drama theory,2
Environmental education,2
Korean,2
Korean Confucianism,2
Medical history,2
Painting poem,2
Wei Jin literary theory,2
Wei and Jin Buddhism,2
Wei Jin thought,2
Wei Jin Philosophy,2
Roman history,2
art,2
Art sociology,2
Art review,2
Release home,2
15th Century Netherland Painting,1
17th century Dutch painting,1
British-Iranian diplomatic relations in the early 20th century,1
20th century music analysis,1
20th century German history,1
20th century European history,1
228 and the study of modern Taiwan history,1
2D computer drawing,1
3D modeling,1
3D animation,1
3D product development and production,1
3D visual effects animation,1
Bible,1
Blake Research,1
Computer aided design,1
ELSI,1
e pen writing system development,1
Historical Theology,1
Off-site art,1
Philospohy,1
Political Sciences,1
STS research,1
TIE Teaching Theater,1
History of the twentieth century,1
Economic history of the twentieth century,1
Human Resources,1
Migration,1
Artificial intelligence,1
Human geography information science,1
Humanistic research methodology,1
Humanities and technology integration research,1
Humanities literature,1
Humanistic methodology,1
Humanities and art,1
Human design,1
Human Factors Engineering,1
Human factor research,1
Character research,1
Human interaction,1
History of relationship between humans and animals,1
Anthropology and history,1
Human rights philosophy,1
Human rights theory and issues,1
Eight-part article,1
19th-twentieth century art evaluation works,1
19th century European history,1
Eighteenth century British women,1
British politics in the eighteenth century,1
European history in the eighteenth century,1
Three rituals,1
Ancient history,1
Ancient sound,1
Ancient myths and legends,1
Speaking training,1
Civil history,1
Freshman Chinese teaching,1
Atlantic history,1
Large-scale arts and festivals,1
History of popular culture,1
Popular Literature Creation and Practice,1
Mass communication theory,1
Mass communication theory and practice,1
Mainland literature,1
Mainland issue research,1
Mainland Chinese Studies,1
University thinking,1
History of university thought interpretation,1
Feminist philosophy,1
Female gender study,1
Female prose,1
Female reading,1
Sub-study,1
Essay,1
Novel narratology,1
Novel theory,1
Novel review,1
Novels and literature,1
Novel writing,1
Novel writing teaching,1
Fiction,1
The Evolution of the Structure of Xiaoyan and the Study of the Ancient Characters in the Past Dynasties,1
Primary school research,1
Landscape essay,1
Landscape literature,1
Shan Hai Jing,1
Process appreciation,1
technological design,1
SME transformation,1
Chinese,1
Chinese literature and information,1
Chinese teaching,1
Chinese database and computer teaching,1
Chinese information processing,1
Chinese language teaching,1
Chinese editor and interview,1
Chinese reading,1
Chinese reading comprehension strategy,1
Sino-Japanese cultural exchange,1
Sino-Japanese Sinology,1
Comparison of Sino-Japanese Confucianism,1
Medieval philosophy,1
Medieval German Catholic Literature,1
Medieval art,1
Zhongshi philosophy,1
Middle novel,1
Medieval social history,1
Medieval poetry,1
Middle Knights,1
Chinese and foreign cultural exchanges,1
Modern and contemporary history,1
Chinese and foreign political system,1
History of the CCP,1
History of Chinese and Western Cultures,1
History of Chinese and Western Cultural Exchanges,1
Chinese and Western art history,1
Chinese and Western Comparative Literature and Literary Theory,1
Chinese and Western comparative philosophy,1
Chinese and Western traffic history,1
Chinese and Western Legal Literature,1
Chinese and Western Ethics,1
Comparison of Chinese and Western Philosophy,1
Chinese and Western Utopia Studies,1
A Comparative Study of Chinese and Western Basic Philosophy,1
History of Chinese and Western Studies,1
Chinese and Western modern literature,1
The historical development of Chinese and Western capitalism,1
Central Asian Cultural History,1
Middle East Studies,1
Sino-Russian diplomatic history,1
History of the Central South Peninsula,1
Sino-US relations,1
History of Sino-US relations,1
China,1
Chinese literary,1
Contemporary literature in mainland China,1
Chinese women's literature,1
Chinese female history,1
Chinese fiction history,1
History of China's Middle Ages,1
Chinese history of medieval history,1
Chinese medieval social and cultural history,1
Chinese medieval society and culture,1
History of Chinese Medieval Thoughts and Cultures,1
History of Chinese Middle Ages,1
Chinese Literary Theory in the Middle Ages? Historiography Theory and Political Culture Phenomenon,1
Chinese gong novel,1
History of Chinese astronomy,1
Chinese Catholic History,1
Chinese minority history,1
Chinese literati history,1
Chinese culture classics and life,1
Research on the Reform of Chinese Cultural System,1
Chinese philosophy of literature,1
Chinese philology - other,1
Chinese cultural relics appreciation,1
Chinese literature (poetry),1
Chinese literature research,1
"Chinese Literature, Drama and Novels",1
Chinese literary aesthetics,1
Chinese Chronicles,1
National history of northern China,1
Chinese ancient life history,1
Ancient Chinese novels,1
Ancient Chinese Mountain Faith and Sacrifice,1
Ancient Chinese artifacts,1
Ancient Chinese social and cultural history,1
History of social life in ancient China,1
History of Chinese Ancient Ideology and Culture,1
History of ancient Chinese thought,1
Ancient Chinese political history,1
Ancient Chinese art history,1
Ancient Chinese military history,1
Ancient Chinese mythology,1
Ancient Chinese women's history,1
Ancient Chinese economic history,1
Ancient Chinese medical history,1
Ancient Chinese art history,1
Chinese classical literary theory,1
Chinese classical aesthetics,1
Chinese classical Tang and Song poetry,1
Chinese classical sing and literature,1
Chinese classical poetry,1
Chinese Classical Poetry Theory Appreciation Criticism,1
Chinese classical poetry,1
Chinese classical drama,1
Qing history of Chinese history,1
Chinese History and Taiwan History,1
Chinese historical literature,1
History of Chinese History and History of Thought,1
History of Chinese History and Thought,1
Chinese folklore,1
Chinese folk literature,1
Chinese jade culture,1
Chinese pre-Qin thought,1
Chinese Pre-Qin Confucian Philosophy,1
History of Chinese communist movement,1
Chinese printing history,1
Chinese name problem,1
Chinese Buddhist Zen Philosophy,1
Chinese Buddhist thought,1
Chinese Buddhism,1
History of Chinese Buddhist Thought,1
History of disaster relief in China,1
Chinese religious social history,1
Chinese law history,1
Chinese legal history,1
Chinese legal tradition,1
Chinese social economic history,1
Chinese modern social culture,1
Chinese modern social and cultural history,1
Chinese modern city culture history,1
Chinese modern social history,1
Chinese modern social economic history,1
History of Chinese Modern Ideology and Culture,1
Chinese modern thought and culture,1
History of modern Chinese education,1
Chinese modern economic history,1
Chinese ancient social history,1
Modern and contemporary China,1
Chinese modern literature,1
History of Modern and Contemporary Chinese History,1
History of modern Chinese thought,1
Chinese modern prose,1
Modern and contemporary Chinese academic,1
Chinese modern drama,1
Archaeological art of the Chinese Bronze Age,1
Chinese bronze inscription,1
Chinese chivalry novel,1
Chinese urban history,1
History of Chinese Ideology and Culture,1
Chinese history and cultural history,1
Chinese political history,1
Chinese political thought,1
Chinese political party history,1
Chinese military history,1
Modern Interpretation of Chinese Philosophy,1
Chinese philosophy,1
Chinese philosophical thinking,1
Chinese family history,1
Chinese travel history,1
Chinese history of Christianity,1
Chinese narratology,1
Pure Land Thought in China,1
Chinese Qing Dynasty,1
Chinese modern novel,1
History of modern Chinese literature,1
History of modern Chinese thought,1
Modern Chinese academic history,1
History of modern Chinese painting,1
Chinese modern and contemporary drama,1
Chinese popular novel,1
Chinese ceramic history,1
Chinese fables,1
Chinese diet history,1
Chinese traditional legal culture and society,1
Chinese traditional Confucian philosophy,1
Chinese News History Modern Chinese Political History,1
Chinese contemporary novel,1
Chinese contemporary literature,1
Chinese Classics,1
Chinese Classics (History),1
Chinese ethics,1
Chinese poetry,1
Chinese poetry singing,1
Chinese Taoist History,1
Chinese film,1
Chinese Library History,1
History of China-Central Asia Relations,1
China and the ancient East Asian world,1
History of Modern and Contemporary Chinese and Western Thoughts,1
Chinese linguistics,1
Chinese language thinking,1
Chinese linguistics,1
Chinese linguistic history,1
Chinese dramatology,1
"Chinese Confucianism, Buddhism and Taoism",1
Chinese art history,1
The Evolution of Chinese Academic History,1
Chinese academic thought,1
Chinese history,1
Chinese historical philology,1
Chinese historical geography,1
Chinese Zen,1
Chinese medical history,1
Chinese medical history,1
History of Chinese painting,1
Chinese Arts,1
Introduction to Chinese Art,1
Chinese border history,1
Chinese People's Republican History,1
History of the people's,1
Reconstruction of Chinese civilization,1
Chinese Christian History,1
History of China-Vietnam Relations,1
History of Sino-German relations,1
Middle school Chinese textbook teaching method,1
Sino-Korean relations,1
Traditional Chinese Medicine and Clinical Medicine,1
Traditional Chinese Medicine,1
Chinese medicine practice,1
TCM health education,1
Traditional Chinese medicine,1
Traditional Chinese Medicine,1
Interactive design,1
Five Dynasties and the History of the Song Dynasty,1
The Five Dynasties Song and Yuan Dynasties,1
Interface research,1
Interface design,1
Ba Si Ba Wen,1
Yuan Dynasty Classics,1
Yuan Qu,1
The History of Yuan Ming's Academic Thoughts,1
Yuan and Ming opera,1
Yuan Shi,1
Metadata,1
Official document,1
Public document production,1
formal writing,1
Corporate finance,1
citizen,1
Citizen news,1
Citizen writing,1
Public policy,1
Public policy analysis,1
public art,1
Public art history,1
Public art production,1
Public relations maintenance,1
Ram pass,1
Public participation and communication,1
Public speaking,1
Six ancestors,1
The Six Dynasties and the Tang Dynasty Classical Poem,1
Six dynasty,1
Literary criticism,1
Literary theory,1
Six Dynasties Literature and Literary Theory,1
Six Dynasties Literature and Criticism,1
Six dynasty aesthetics,1
Six Dynasties,1
Six Dynasties,1
Six dynasty poetry,1
Six Dynasties Academic and Cultural,1
Six dynasties,1
Analytical philosophy,1
Separation movement,1
Classification cataloging,1
And its politics,1
Astronomical algorithm,1
Tiantai philosophical,1
Bayu culture,1
Psychological history,1
Psychological philosophy,1
Philosophy of mind,1
"Philosophy of Mind, Epistemology, Anglo-American Philosophy, Logic, Language Philosophy",1
Outdoor Media,1
Mobile phone interface design,1
Text,1
culture,1
Overview of cultural monuments,1
Cultural life aesthetics,1
Cultural globalization,1
Cultural geography,1
Cultural landscape,1
Cultural landscape and monument preservation,1
Cultural marketing and management,1
Cultural criticism,1
Cultural regulations,1
Cultural and social enterprise,1
Cultural sociology,1
Cultural policy analysis,1
Research on Open Space Theory of Cultural Studies,1
Cultural aesthetics,1
Cultural writing,1
Cultural products,1
Cultural symbol analysis,1
Cultural creativity,1
Cultural and creative product design,1
Cultural and creative project,1
Cultural and creative industry marketing,1
Cultural and creative industry research,1
Cultural and creative industry management and marketing,1
Cultural creative design,1
Cultural creativity,1
Cultural Landscape and Cultural Politics,1
Cultural economy/industry,1
Cultural asset preservation,1
Conservation and reuse of cultural assets,1
Research on preservation of cultural assets,1
Cultural asset preservation and regeneration,1
Cultural assets preservation and management,1
Preservation and interpretation of cultural assets,1
Cultural asset preservation and maintenance,1
Cultural asset ethics,1
Cultural assets and local culture,1
Culture and literary theory,1
Culture and social geography,1
Cultural linguistics,1
Cultural studies,1
culture and art,1
Guide to cultural tourism,1
Cultural tourism and cultural and creative industries,1
Introduction to Cultural Tourism,1
Wen Shizhe multimedia teaching material production,1
Document analysis and identification,1
