Var1,Freq
molecular biology,79
Biochemistry,59
Cell Biology,43
Biotechnology,36
microbiology,33
Molecular Biology,28
Immunology,20
virology,18
Genetics,18
Ecology,17
Biological information,16
Plant physiology,15
Tumor biology,15
Proteomics,12
Molecular genetics,13
Genomics,11
Plant Tissue Culture,11
Cancer biology,11
Biodiversity,10
organism count,10
Biomedical Science,10
entomology,10
Developmental Biology,10
Molecular cell biology,9
Molecular evolution,9
Molecular inheritance,9
analytical chemistry,9
Biochemical engineering,9
biology,9
Neuroscience,9
Gene regulation,9
Physiology of plants,9
Biological Technology,8
Message passing,8
Plant pathology,8
Molecular virology,7
Physiology,7
Cellular molecular biology,7
Nutrition,7
Pharmacology,7
Chemistry,6
Natural chemical,6
Ecology,6
Biomedical materials,6
Organic chemistry,6
Embryonic development,6
Genetic Engineering,6
cytology,6
microorganism,6
Evolutionary biology,6
medicine,6
Endocrinology,5
Biomass energy,5
toxicology,5
Food biotechnology,5
Neurobiology,5
Animal physiology,5
Protein engineering,5
Protein chemistry,5
General biology,5
Plant pathology,5
Fermentation,5
Instrumental Analysis,5
Applied microbiology,5
Environmental Chemistry,5
Environmental biotechnology,5
Environmental science,5
Environmental microorganism,5
Translational medicine,5
Drug development,5
Algae,5
Molecular oncology,4
Molecular chemistry,4
life sciences,4
Biophysics,4
Biostatistics,4
Biochip,4
Behavioral ecology,4
Systems biology,4
Food chemistry,4
Food microorganism,4
Marine ecology,4
Mycology,4
Neurophysiology,4
Gene transfer,4
Tissue Engineering,4
Plant molecular biology,4
Plant classification,4
Plant taxonomy,4
Plant ecology,4
Plant stress,4
botany,4
Structural biology,4
evolution,4
Applied microorganism,4
Soil chemistry,3
Soil physics,3
Pediatrics,3
endocrine,3
Molecular poison,3
Molecular epidemiology,3
Molecular medicine,3
chemical engineering,3
Metabiology,3
Biotechnology,3
Bioinformatics,3
Reproductive physiology,3
Geriatric medicine,3
Immunochemistry,3
Antibody engineering,3
Systematic taxonomy,3
Conservation biology,3
Computing biology,3
Food technology,3
Food microbiology,3
Food hygiene and safety,3
Marine life - physiological ecology,3
Animal chemistry,3
Ethnic inheritance,3
Ethnic genetics,3
Cell biology,3
Cytotoxicity,3
Cellular message transmission,3
Cytogenetics,3
Tissue culture,3
Protein biochemistry,3
Plant message transmission,3
Plant message transmission,3
Plant anatomy,3
Invertebrate zoology,3
Fermentation Engineering,3
stem cell,3
Stem cell biology,3
Electrophysiology,3
Enzyme chemistry,3
Enzyme,3
Fern botany,3
Affinity geography,3
Clinical medicine,3
Veterinary Science,3
Pharmacy,3
Human genetics,2
Pediatric urinary system disease,2
Molecular physiology,2
Molecular ecology,2
Molecular toxicology,2
Molecular pathology,2
Molecular neurobiology,2
Molecular cytology,2
Molecular cytogenetics,2
Molecular microbiology,2
Separation technique,2
Taxonomy,2
Chemical carcinology,2
Cardiovascular diseases,2
Cardiovascular medicine,2
Comparative genomics,2
aquaculture,2
Aquaculture,2
Functional gene selection,2
Functional genomics,2
Biochemical separation,2
Biochemical metabolism,2
Biotech food,2
Bio-biochemistry,2
biomaterials,2
Biophysics,2
Biotechnology management,2
Biological education,2
Biological rehabilitation,2
Biochip analysis,2
Biosensor,2
Biological pesticide,2
Biological biochemistry and molecular biology,2
Physiological ecology,2
Ecosystem ecology,2
Ecological model,2
Organic spectroscopy,2
hematology,2
Vascular biology,2
Behavioral ecology,2
System biology,2
System ecology,2
Amphibious reptile,2
Nano biomedical,2
Nanotechnology,2
Physical Chemistry,2
Conservation genetics,2
Healthy food,2
Health food development,2
Health food development and practice,2
Emergency medicine,2
Vaccinology,2
scientific education,2
Embryology,2
food science,2
Mammalian,2
asthma,2
Meteorology,2
Pathology,2
Neural plasticity,2
Neurodegenerative disease,2
Neurodegenerative disease,2
Thoracic medicine,2
fat metabolisim,2
Message transfer,2
Message transmission,2
animal,2
Animal behavior,2
Animal behavior,2
Animal disease pattern,2
Animal gene transfer,2
Animal histology,2
Animal experiment,2
zoology,2
Animal inheritance,2
Animal nutrition,2
Gene therapy,2
Gene toxicology,2
Genome,2
Basic Medicine,2
Panel discussion,2
Cell culture,2
Cytogenetic,2
Bacterial pathogenesis,2
Histology,2
Protein drug,2
Fish pathology,2
Ornithology,2
Plant molecular biology,2
Plant molecular genetics,2
Plant morphology,2
Plant system classification,2
Plant system taxonomy,2
Plant stress physiology,2
Plant stress physiology,2
Plant gene regulation,2
Plant gene transfer,2
Plant inheritance,2
Plant nutrition,2
Inflammatory response,2
Structural organism,2
Structural biological information,2
Mushroom cultivation,2
gardening,2
Horticulture,2
Stem cell science,2
Microbiology and immunology,2
Microbial biotechnology,2
Microbial physiology,2
Microbial ecology,2
Microbial immunity,2
Microbial fermentation technology,2
Microbial application,2
New drug development,2
Cluster ecology,2
anatomy,2
ANALYSE information,2
Agricultural chemistry,2
Electron microscopy,2
Experimental zoology,2
Evolutionary genomics,2
Evolutionary developmental biology,2
Performing chemistry,2
Psychiatry,2
Enzyme technology,2
Quantitative inheritance,2
Mass Spectrometry,2
Learning theory,2
Kinship,2
Genetic engineering,2
Nutritional immunity,2
Environmental organism,2
Environmental toxicology,2
Environmental toxicology,2
Environmental education,2
Environmental microbiology,2
Environmental sanitation,2
Cancer chemoprevention,2
Cancer genomics,2
Cancer pharmacology,2
Clinical immunology,2
Functional training,2
Drug Synthesis,2
Pharmacokinetics,2
Fermentation engineering,2
Orchid Biotechnology,2
CGMP Biopharmaceutical Factory Planning and Operation,1
DNA recombination and repair,1
DNA algorithm,1
Epstein-Barr virus carcinogenic properties,1
EB virus carcinogenesis,1
EXAFS,1
MicroRNAs,1
Mole,1
Plant Physiology &Biochemistry,1
Protein structure,1
Pt nanostructure electrode,1
Sem-Amos,1
TEM,1
tRNA,1
X-ray,1
Nitric oxide,1
General psychiatry,1
Class B and Class C license teaching,1
Secondary reptile,1
Secondary metabolite chemistry,1
Two-dimensional protein electrophoresis,1
Human genetics,1
human resource Management,1
Human and animal health nutrition,1
Human molecular genetics,1
Human physiology and pathology,1
Human disease zebrafish pattern,1
Human and veterinary microbial pathogenesis and resistance to drug transfer,1
Human physiology,1
Oral transmission,1
Land assessment,1
Soil cultivation and classification,1
Soil chemical instrument analysis,1
Soil and groundwater rejuvenation,1
Soil and groundwater remediation project,1
Soil ecology,1
Soil pollution survey,1
Soil pollution,1
Soil pollution investigation and remediation,1
Soil improvement,1
Soil fertility,1
Soil fertility assessment and improvement,1
Soil fertilizer,1
Soil toxicology analysis,1
Soil resource planning,1
Soil and water pollutant chemistry,1
Soil and groundwater pollution,1
Soil and environmental ecology,1
Soil environmental molecules and electromagnetic physics,1
Soil environmental chemistry,1
Soil environmental biochemistry,1
Soil environment and pesticides,1
Atmospheric Science,1
Atmospheric gas,1
Neurological regulation of rat circulatory system,1
Female endocrine,1
Subbiology,1
Small molecule drug design,1
Pediatric neurology,1
Pediatric laparoscopic surgery,1
Industrial microbiology,1
Industrial hygiene,1
Involuntary movement disorder,1
Clinical application of Chinese and Western medicine in nerve injury,1
Chinese and Western medicine pharmacology,1
Chinese herbal medicine,1
Chinese herbal medicine function development,1
Chinese herbal bioactivity assessment,1
Chinese herbal medicine anticancer drug development,1
Research and development of Chinese herbal medicine,1
Chinese herbal health care mechanism,1
Study on the Activity Evaluation of Chinese Herbal Medicine as Anticancer Drug and the Mechanism of Breast Cancer Tumor Growth and Metastasis,1
Chinese herbal medicine development,1
Chinese herbal medicine,1
Chinese medicine,1
Discussion on the regulation mechanism of central nervous system and immune system,1
Traditional Chinese medicine,1
Traditional Chinese medicine,1
Traditional Chinese Medicine,1
Chinese medicine quality control,1
Chinese medicine pharmacology,1
Endocrine pharmacology,1
Internal surgical care,1
Endothelial cells and cancer biology,1
Endothelial cell protection machine transfects cells against inflammation,1
Endothelial cell signaling,1
Public health,1
Public health,1
Molecular endocrinology,1
Molecular and Cell Biology,1
Molecular and structural virology,1
Molecular cardiology,1
Molecular metabolism medicine,1
Molecular biology and cell biology,1
Molecular biotechnology,1
Molecular biophysics,1
Molecular reproduction,1
Molecular spectroscopy,1
Molecular immunology,1
Sub-system taxonomy,1
Molecular signal transmission,1
Molecular virus,1
Molecular virus and plant pathology,1
Molecular neuroendocrinology,1
Molecular neurology,1
Molecular motor,1
Molecular probe,1
Molecular plant pathology,1
Molecular developmental biology,1
Molecular tumor biology,1
Molecular and Cell Biology,1
Molecular evolution and conservation science,1
Molecular and cellular biology,1
Molecular and Structural Biology,1
Molecular enzymology,1
Molecular simulation,1
Molecular regulation,1
Molecular kinship,1
Molecular genetics [biochemical genetics],1
Molecular detection technology,1
Molecular test,1
Molecular inspection technique,1
Molecular nutrition,1
Molecular medical testing technology,1
Molecular pharmacology,1
Analytical toxicology,1
Isolation and purification,1
Classification and evolution,1
cosmetic,1
Cosmetic beauty,1
Cosmetic modulation,1
Cosmetics,1
Chemical material,1
Chemical carcinogenesis,1
Chemical informatics,1
Chemotherapy resistance analysis,1
Reaction dynamics,1
Separation and purification of natural compounds,1
Natural and natural medicines,1
Analysis and identification of natural ingredients,1
Discussion on the immune regulation function of natural products and the development and application of biomedical precision detection instruments,1
Natural anti-cancer and anti-inflammatory research,1
Natural anticancer mechanism,1
Natural food health food development,1
Natural structure identification,1
Natural extract,1
Extraction of functional ingredients of natural materials,1
Natural function and pharmacology,1
Natural active substance separation and screening,1
Natural Products Chemistry,1
Study on the Mechanism of Antioxidant and Anticancer Activity of Natural Drug Synthesis and Chemical Modification,1
Natural drug purification and structural identification,1
Brazilian mushroom,1
Cardiac visceral clinic,1
Cardiovascular biology,1
Cardiovascular biology and gene regulation,1
Cardiovascular disease and gene transfer,1
Cardiovascular plant new drug compound development,1
Cardiac Molecular Biochemistry and Cancer Molecular Medicine,1
Heart physiology,1
Cardiac electrical and cardiovascular bioinformatics,1
Cardiology,1
Bibliometrics,1
Wood production,1
Xylem development,1
Comparative anatomy,1
Capillary electrophoresis analysis,1
Hydrological isotope,1
Aquatic molecular biotechnology,1
Aquatic biological system classification,1
Study on Aquatic Biological Vaccine and Immune Gene Function,1
Aquatic animal physiology,1
Aquatic botany,1
Aquatic microorganism,1
Hydroponic cultivation,1
Water biology,1
Water ecology,1
Water ecosystem structure and function,1
Water ecological toxicology,1
Water ecological environment monitoring,1
Heavy metal pollution in waters,1
Aquatic immunology,1
Aquatic product vaccine development,1
Aquatic disease,1
Aquatic technology,1
Aquatic drug residue detection,1
Aquatic product verification,1
Aquatic toxicology,1
Aquatic bait biology,1
Feed and Nutrition Research and Teaching in Aquaculture Animals,1
Water treatment engineering and design,1
Water environment ecology,1
Antrodia camphora cultivation technology,1
Aortic aneurysm surgery,1
Molecular provenance analysis and molecular identification of larvae,1
Metabolic engineering,1
Explore with Arabis,1
Production of whole-type monoclonal antibodies by a single-step global in vitro localization immunoassay,1
Cordyceps sinensis,1
Functional polymer material,1
Functional genomics and proteomics to explore the physiological mechanisms of aquatic animals,1
Functional genomics,1
Functional genomics using advanced biotechnology,1
Classical poetry,1
The impact of environmental toxicants on wildlife in the coastal wetland ecosystem in Taiwan,1
Taiwan long-term ecological research,1
Alien plant classification and risk assessment,1
Exotic species ecology,1
Traumatic emergency care,1
Parallel and decentralized processing,1
Seedling ecology,1
Native green herb,1
Ethnic ecology,1
Criminal investigation,1
Criminology,1
Biochemistry,1
Biochemical analysis,1
Biochemical and molecular biology,1
Biochemistry and molecular biology,1
Biochemical and molecular biology research,1
Biochemical monograph,1
Biochemical computer calculation design,1
Biochemistry and Molecular Biology,1
Biochemical pharmacology,1
Biochemical Pharmacology and Cell Bioactive Components,1
Bio-cosmetic cosmetics,1
Biotechnology cosmetics development,1
Biotechnology product license application practice,1
Biotechnology product development,1
Biotechnology industry,1
Biotechnology industry analysis,1
"Life sciences, biodiversity, entomology",1
Life and people,1
Introduction to Life and Biotechnology,1
Life and Green Technology Education,1
Biological Engineering,1
Biomolecules,1
Biomolecular engineering,1
Biodistribution,1
Biological analysis,1
Bioanalytical method development,1
Biodegradable polymer,1
Biologicalization,1
Biochemical engineering,1
Biochemical protein engineering,1
Biochemistry and pathology biochemistry,1
Biological and biotechnology education,1
Biomacromolecule dynamics,1
Biochemical technology,1
Biophysiology,1
Biogeography,1
Biogeographic evolution,1
Biogeochemistry,1
Biodiversity and long-term ecology,1
Biodiversity database,1
Bioorganic chemistry,1
Bioorganic chromatography and spectroscopy,1
Biological sequence analysis,1
Biotechnology research method,1
Biotechnology and Protein Engineering,1
Biotechnology application,1
Biological system,1
Biological system analysis,1
Biological control,1
Biological control and biological agents,1
Biological nanotechnology,1
Biological spice,1
Biophysical chemistry,1
Biological indicator,1
Biological activity analysis,1
Bioactive polysaccharide system development,1
Biocompatibility,1
Biology teaching material teaching method,1
Biogas glue,1
Biological oceanography,1
Regulation analysis of biological energy metabolism mechanism,1
Bioenergy,1
Bioenergy and the environment,1
Research and application of biopolymer renewable resources and nano materials,1
Biopolymer material,1
Biological industry,1
Biological tissue engineering,1
Biostatistics and experimental design,1
Development and application of biochip technology gene microarray technology,1
Biochip technology development,1
Biological program technology,1
Bio catalysis,1
Biological sensing,1
Biosensor,1
Biological device interface,1
Biological database,1
Biological information and structural biology,1
Bioinformatics and proteomics,1
Biological resource utilization,1
Development of a biological resource recycling model,1
Bioelectronics,1
Bioelectronic ink and electronics,1
Bioelectronics,1
Production and purification management of biopolymer molecules,1
Biopharmaceutical,1
Biological image analysis,1
Biomarker development,1
Biofuels,1
Biological fluorescence detection analysis,1
Biotransformation pharmaceutical,1
Biomedical and Agricultural Sciences - Biochemistry and Molecular Biology of B3 Biology,1
biomedical engineering,1
Biomedicine and technology,1
Biological algae,1
Biomicroscopy,1
Life history characteristics,1
physiological,1
Physiological psychology,1
"Physiology, Biochemistry and Cell",1
Physiological ecology,1
Physiological clock,1
Reproduction physiology,1
Reproductive physiology and breeding,1
Germ cell freezing,1
Germ cell development,1
Reproductive medicine,1
Ecological/environmental system dynamic simulation,1
Ecological physiology,1
Ecological immunology,1
Ecotoxicology,1
Ecological farming law,1
Ecology and biodiversity,1
"Ecology, insect taxonomy, vector control medicine, entomology, biotechnology, ethics",1
Ecological genealogy,1
Biomass utilization,1
Biomass energy,1
Biomass energy organic enzyme,1
"Biomedical materials, tissue engineering, medical engineering",1
Biomedical signal processing,1
Biomedical sensor,1
Biomedical image processing,1
Pharmacy,1
Methylated gene chip,1
Methane production and organic acid regulation,1
Skin pigment regulation,1
Skin care,1
Bionic intelligent nano interface,1
Leisure insect,1
Leisure beekeeping,1
Innate immunity,1
Congenital immunity,1
Pre-Qin Thought,1
Photodynamic diagnosis and treatment,1
Photodynamic medicine,1
Photoreceptor signaling,1
Photocell biology,1
Photocatalytic chemistry,1
Spectral analysis,1
Global change,1
Regenerative medicine,1
Criminal case processing,1
Various neonatal surgeries and congenital anomalies,1
Synthetic biology,1
Synchrotron radiation analysis,1
Information System (GIS),1
Polymorphic detection,1
Multi-source genomics,1
Multidimensional nuclear magnetic resonance spectroscopy,1
Adult English teaching,1
Adult English learning,1
Early treatment,1
Useful gene development,1
Organic biochemistry,1
Organic photooxidation,1
Next generation gene sequencing,1
Transcriptional regulation in secondary cell wall growth,1
Defaced creature,1
Sewage treatment,1
Dynamic study of pollutants in soil,1
Study on Fermentation and Functional Composition of Goat Milk,1
Amniocentesis,1
Badminton,1
Elderly nutrition,1
Aging and anti-aging chemistry,1
Old age and adolescent health behavior,1
Pathology and physiology of tinnitus,1
Otolaryngology,1
Meat science,1
Muscle protein,1
Free radical,1
Free radical biology,1
Free radical biomedical and translational medicine,1
Free radical biomedical research,1
Free radical medicine,1
Autoimmune,1
Hematology oncology,1
Vascular biological gene regulation,1
Vascular cell signaling and gene regulation,1
Angiogenesis,1
Functional analysis of blood cancer related genes,1
Behavioral ecology - fighting behavior,1
Marketing plan,1
Marketing,1
Crop breeding,1
Crop stress physiology,1
Crop and soil relationship,1
Immunology,1
Immunobiology,1
Immune tolerance,1
Immune cell research,1
Immunology,1
Immunoassay,1
Morphological anatomy,1
Morphology and online textbooks and digital learning system development,1
Anti-aging regenerative health product development,1
Antioxidant molecular pharmacology research,1
Antioxidant biology,1
Antioxidant enzyme,1
Anti-fatigue and anti-aging health care product development,1
Disease resistance breeding,1
Antiviral substance,1
Anti-aging and regenerative medicine,1
Anti-inflammatory,1
Discussion on anti-inflammatory and other biological activities,1
Screening of antibacterial and antitumor drugs,1
Antibacterial substance,1
Antibacterial gene,1
Antibiotic residue,1
Anticancer,1
Anti-cancer Chinese herbal medicine research and development,1
Anti-cancer new therapy development,1
Screening of anticancer drugs,1
Anticancer drug tolerance study,1
Anti-drug machine,1
Antibody genetic engineering,1
Taxonomy,1
Systematic classification evolution,1
Systematic structural biochemistry,1
Systematic neuroscience,1
Phylogenetic,1
Systematics,1
Systematics and taxonomy,1
System classification,1
Molecular mechanism of intrahepatic biliary tract cancer,1
Liver health research and development of Chinese herbal medicine,1
Liver cancer animal model,1
Shellfish immunology,1
Shellfish anaerobic metabolism,1
Milk/meat/egg processing,1
Lactic acid bacteria detection,1
Childhood adolescent allergic rhinitis,1
Child and adolescent psychology,1
Child psychiatry,1
Childhood cancer and Mediterranean anemia,1
Two-born reptilian,1
Two reptiles,1
Amphibious reptilian,1
Amphibian reptile,1
Synthesis of Bioactive Naturals and Application of Asymmetric Catalytic Reactions,1
Assist in guiding research projects,1
Message transmission mechanism of fertilization and embryo development,1
Sterol hormone receptor function research,1
Nanochemistry,1
Nano biotechnology,1
Nano biotechnology,1
Nano Biotechnology,1
Nanomaterial,1
Nanotoxicity,1
Nanotechnology and the environment,1
Nanostructured glucose biosensor,1
Research on Nano Vector and Regenerative Medicine and Tissue Engineering,1
Nanomedicine,1
Nano drug delivery system,1
Nanocatalyst,1
Sexual precocity,1
Sexual choice and courtship,1
Radiation oncology,1
Insect biology,1
Insect ecology,1
Insect symbiotic microorganism,1
Insect pathology,1
Research and application of insect baculovirus,1
Forest fire ecology,1
Drosophila embryo development,1
Drosophila genetics,1
Estuary ecology,1
Forage species identification,1
Materialized extraction technology,1
physical,1
Species distribution pattern,1
Community health care,1
social service,1
Air pollution,1
Space Analysis,1
Obesity and cardiovascular disease research,1
Fertilizer application,1
pneumonia,1
Anti-drug and pathogenic mechanism and molecular epidemiology of tuberculosis,1
Lung cancer,1
Flower development regulation mechanism,1
Floral design,1
Aromatherapy,1
Epidermal stem cell message regulation,1
Surface chemical modification,1
Epigenetic genomics,1
apparent genetics,1
Non-antibiotic fungicide research and development,1
Non-pesticide prevention technology development,1
Conservation ecology,1
Childcare education promotion,1
Conservation inheritance,1
Health care function,1
Health food research and development,1
Health food management,1
Health drink,1
Protected area management,1
Molecular mechanism of type development,1
Indoor air quality,1
Establishing eukaryotic cell tissue-specific gene expression,1
Acute lung injury,1
Emergency rescue,1
Karyotype,1
Chromosome,1
Mechanism of chromosome damage repair,1
Chromosome,1
Toxicology,1
Toxicology,1
Activity analysis,1
Epidemiology,1
Coral and algae symbiosis,1
Coral reef creature,1
Coral reef biology,1
Coral reef conservation,1
Coral reef fish biology,1
Vaccines and biological agents,1
Vaccine biotechnology,1
Vaccine development,1
Vaccine R&D Design,1
Vaccine technology,1
Vaccine process,1
Study the pathogenesis of oral cancer and identify therapeutic targets,1
The molecular mechanism of the autophagy physiological phenomenon,1
Beauty modeling photography,1
Beauty skills,1
Health & Beauty,1
Beauty management,1
Beauty consultation,1
Beauty license training,1
Beauty license counseling,1
Beauty skin care,1
Beauty technology,1
Physical practice,1
Embryo toxicology,1
"Embryonic developmental cell differentiation, signal transduction, gene regulation",1
Embryonic development,1
Embryonic stem cell,1
Embryo sperm seed freezing,1
Study on the mechanism of drug resistance,1
Oncogene,1
Carcinogenic machine,1
Nursery management,1
Computational biophysics,1
Remediation of heavy metal pollution,1
Critical care,1
Critical care,1
Food net mode,1
Food analysis chemistry,1
"Food analysis, etc.",1
Food and Cosmetics Regulations,1
Food biotechnology,1
Food safety,1
Food microbes and toxicology,1
Study on the safety and function of food and Chinese herbal medicine,1
food sanitation,1
Food hygiene safety,1
Food inspection analysis,1
Loss of appetite,1
Carnivorous plant,1
Cultivation and application of vanilla plants and health plants,1
Atomic science,1
Mammal physiology,1
Mammalian reproductive biology,1
Mammal ecology and evolution,1
Tang Dynasty literature,1
Pest control / drug resistance,1
Domestic animal diversity,1
Island biology,1
Teacher development,1
Fear of memory,1
Mechanism of fear learning and memory,1
MRI scan,1
Nucleic acid,1
Nucleic acid metabolism,1
Nucleic acid damage and repair,1
Climate change biology,1
Marine life,1
Marine life - classification,1
Marine biotoxin,1
Marine biology,1
Marine ecology,1
Marine ecological physiology,1
Marine active natural product,1
Marine animal physiology,1
Marine deep water application biotechnology development,1
Special purpose cultivation,1
Feature evolution,1
Livestock production automation,1
Animal product antioxidant,1
pain,1
Disease ecology,1
Disease animal model,1
Disease animal model,1
Disease and treatment,1
Disease and genetic linkage analysis,1
Patient safety,1
Virus purification and detection,1
Viral oncogene research,1
Virus and host interaction,1
"Virology, immunology, cell molecular biology",1
"Virology, microbiology, molecular biology, genetic recombination technology, immunology",1
Virus ion channel structure and function,1
Disease prevention,1
Disease diagnosis and identification,1
Pathophysiology,1
Fungal molecular biotechnology,1
Fungal genetic engineering,1
Fungal identification development,1
neurosurgery,1
Neurophysiology,1
Molecular mechanism of neuromuscular disease,1
Neuromuscular,1
Neurobehavioral,1
Neuroimmunology,1
Translational medicine for nervous system diseases,1
"Neuroscience, endocrinology, genetics, animal physiology",1
Neuroscience and oxidative stress physiology and pathology,1
Neuropathology,1
Neuropathology,1
Neural signal,1
Neural tracking technology,1
Neurodegeneration study,1
Nerve cell stimulation,1
Neurodevelopmental,1
Neural stem cell,1
Neurogenic phenomenon,1
Neuroelectrophysiology,1
Neurocognitive aging,1
Fat biochemistry,1
Fat body science,1
Lipid chemistry,1
Vertebrate comparative anatomy,1
Vertebrate comparative anatomy,1
Vertebrate physiology and ecology,1
Vertebrate physiology,1
Vertebrate zoology,1
Spinal cord injury medicine,1
Tea health and marketing,1
Tea cultivation and management,1
Herbal science,1
Locust,1
Message passing regulation,1
Message delivery control mechanism,1
Information transmission,1
Signal transmission,1
Financial finance,1
Drug for degenerative arthritis,1
Adversity biology,1
Ligand-regulated ion channel switching mechanism,1
Alcohol metabolism,1
Alcohol brewing technology,1
For cellulose,1
Bone metabolism,1
Bone cancer,1
Polymer,1
Polymer biomedical materials,1
Polymer Materials,1
High energy response,1
High-throughput Lentiviral Screening System for Cancer Animal Model Applications,1
High-throughput screening,1
High-speed computing biology,1
Advanced molecular biology,1
high pressure,1
Healthy living promotion,1
Health promotion,1
Healthy Food,1
Health food functional and safety assessment,1
Development of healthy food,1
Introduction to Health Medicine,1
Animal molecular system classification,1
Animal molecular inheritance,1
Animal biology and histology,1
Animal growth regulation,1
Animal ecology,1
Animal ecology,1
Animal blood analysis,1
Animal immunophysiology,1
Animal breeding,1
Animal vaccine development,1
Animal vaccine development,1
Establishment of animal disease patterns,1
Animal virology,1
Animal virus detection,1
Animal cell culture,1
Animal cell culture,1
Mass production of animal cells,1
Animal development,1
Animal anatomy,1
Animal anatomy,1
Zoology technology,1
Animal nutrition and behavior,1
Animal composition determination and carcass rating,1
Animal and plant interaction,1
Genetic engineering,1
Genotyping technology,1
Genes and metabolites,1
Gene metabolism engineering,1
Gene methylation and cancer development process,1
Gene polymorphism,1
Gene polymorphism analysis,1
Gene sequence combination,1
Gene sequencing,1
Gene therapy,1
Sequence space of gene,1
Gene expression and regulation,1
gene expression,1
Gene expression analysis,1
Gene toxicology,1
Gene recombinant protein biotechnology process development and process amplification,1
Genetically modified animal,1
Gene knockout mouse,1
Gene message transmission evolution,1
Genomics,1
Gene microarray analysis,1
Gene construction and recombinant protein expression,1
Gene and nerve,1
Gene imprinting mechanism,1
Gene regulation and epigenetics,1
Gene regulation,1
Gene silencing technique,1
Gene transfer technology,1
Gene transfer animal,1
Gene transfer animal technology,1
Gene transfer animal model,1
Physiology of genetically transferred plants,1
Gene transfer plant research,1
Gene transfer mouse,1
Gene transcription and translation regulation,1
Gene sequencing and analysis,1
Genome research,1
Genetic structure analysis,1
Genome structure study,1
Genome and proteinology,1
Genomics research,1
Fund management,1
Basic reproductive medicine,1
Institute of Basic Medicine,1
Women's medical related fields,1
Host interaction with pathogens,1
Parasitic flowering plant life history,1
Parasitic ecology,1
Parasitic ecology,1
Parasitology,1
Parasitic relationship,1
Expertise in physiology and the cardiovascular system,1
Professional beauty makeup,1
Makeup tips,1
Makeup design,1
Post-harvest processing,1
Exploring education,1
Exploring genetic variability among rice varieties,1
Educational engineering,1
Teaching theory,1
Ethnic ecology,1
Ethnic ecology,1
Ethnic statistics,1
Ethnic group chemistry,1
Ethnic group and cluster ecology,1
Ethnic inheritance and comparative genomics,1
Baculovirus development for influenza-like viruses,1
Freshwater ecology,1
Modern literature and writing,1
Theoretical ecology,1
Industrial laboratory animal application,1
Atopic dermatitis,1
Quaternary mammal,1
cell engineering,1
Cellular molecular biology,1
Cellular Molecular Biology and Biochemistry,1
Cell molecular physiology,1
Cell Differentiation,1
Cell division,1
Cell and molecular biology,1
Cell and molecular biology,1
Cell growth and death regulation,1
Cell growth and message transmission regulation applications,1
Cellular physiological message transmission,1
Cell physiology,1
Cell reprogramming,1
Cellular immunochemistry,1
Cell activity analysis,1
"Physiological, Biochemical and Molecular Mechanisms of Salt Tolerance in Cells",1
Apoptosis,1
Interaction between nucleus and mitochondria and molecular movement of cancer,1
Cellular message regulation,1
Cytoskeleton regulation,1
Cell migration and tumor metastasis oncogenes and cellular signaling,1
Cell and tissue engineering,1
Bacterial molecule detection and identification,1
Biological physiology,1
Molecular mechanism of bacterial resistance,1
Bacterial pathogen,1
Bacterial and viral subunit protein research,1
Bacterial enzymes and metabolic engineering,1
Bacteriology,1
Tissue Engineering and Regenerative Medicine,1
Tissue optics,1
Tissue culture,1
statistics,1
Statistical Analysis,1
Statistics and nonlinear physics,1
Statistics and computer processing,1
Protein chemistry,1
Protein purification engineering,1
Protein genetic engineering,1
Protein crystal diffraction,1
Protein engineering technology,1
Protein engineering,1
Protein separation and purification,1
Biochemical and computer analysis of protein and lipid hydrolyzing enzymes,1
Protein and genomics,1
Protein production,1
Protein force identification,1
Protein ubiquitination related diseases,1
Protein expression technology,1
Protein degradation,1
Protein modification,1
Proteomics,1
Protein structure analysis,1
Protein structure and function,1
Protein structure and function analysis,1
Protein interaction,1
Protein transport,1
Protein and genetic engineering,1
Protein body,1
Angiosperm flower development,1
Software programming,1
a message molecule that links the developmental gene regulatory network,1
Tribal ecotourism,1
Urban ecology,1
wild animals,1
Wildlife ecology,1
Wildlife conservation,1
Wildlife habitat,1
Wildlife trade,1
Wildlife Resources and Conservation,1
Wild zoology,1
Fish taxonomy,1
Fish and dog behavior,1
Fish physiology,1
Fish ecology,1
Fish diversity,1
Fish embryo development,1
Fish disease,1
Fish virology and fish viral necrosis and its prevention,1
Fish production of recombinant protein and disease application,1
Fish Resources and Water Environment Survey,1
Fish reproduction,1
birds,1
Bird ecology,1
Bird ecology,1
Bird sex,1
Ornithology and ecology,1
Start a business,1
Monoclonal antibody,1
Single-cell eukaryotic model system,1
Production and application of single source antibody,1
Chitosan science,1
Chitin science,1
Research on innovation of rehabilitation and production,1
Circulatory,1
Malignant tumor,1
Palm material,1
Zebrafish and yeast genetics,1
Zebrafish biotechnology,1
Zebrafish development,1
Zebrafish developmental biology,1
Zebrafish genetics and developmental biology,1
General Chemistry,1
Landscape ecology,1
Smart biomedical materials,1
Intellectual property rights,1
Forest and water conservation,1
Forest dynamics,1
Phytochemical engineering,1
plant,1
Plant secondary metabolism,1
Plant secondary metabolites and plant cell culture,1
Plant secondary metabolite functional gene development,1
Plant secondary metabolite production,1
Plant endophytic symbiotic relationship,1
Plant Molecular Biology and Molecular Pathology,1
Plant molecular physiology,1
Plant molecular virology,1
Plant classification plant genetic engineering,1
Plant functional genomics,1
Plant biochemistry and molecular biology,1
Plant biochemistry,1
Plant biochemistry,1
Plant biotechnology,1
Plant biotechnology,1
Plant biotechnology,1
Plant bio-adversity and related research on plant molecular farms,1
Plant growth and development,1
Plant physiology and plant molecular biology,1
Plant physiology,1
Plant physiology and ecology,1
Plant ecological physiology,1
Plant photobiology,1
Plant secondary metabolism,1
Plant aging,1
Molecular mechanism of heavy metals in plants,1
Plant pathogenic bacteria,1
Plant disease prevention,1
Plant pathology and microorganisms,1
Plant fungus symbiosis,1
Plant message transmission and gene regulation,1
Plant message transmission and gene regulation,1
Plant stress molecular biology,1
Plant tissue culture,1
Plant anatomy,1
Plant resource survey,1
Plant seeding and hybridization,1
Plant Genetics and Breeding,1
Plant genetics,1
Phytosanitary and disease control,1
Interaction between plant nutrition and soil environment,1
Plant reproduction,1
Plant microscopy,1
Pomelo analysis,1
Invertebrate immunology,1
Invertebrate comparative embryo and anatomy,1
Invertebrate electrophysiology,1
Invertebrate evolution,1
Painful message mechanism,1
Occurrence,1
Developmental organism,1
Developmental and stem cell biology,1
Developmental science,1
Developmental inheritance,1
Inflammatory molecular machine transfer and anti-inflammatory drug development,1
Inflammatory cell biology,1
Published papers,1
Fermentation chemistry,1
Fermented food development,1
Fermentation product process development,1
Fermentation and health food,1
Fermentation,1
Structural bioinformatics,1
Structure Identification,1
Renal glomerulonephritis,1
Kidney transplant,1
Mycorrhizal fungi,1
Improved strain,1
Strain development,1
Strain screening,1
Species identification and functional testing,1
Bacteriology,1
Fungus fermentation technology,1
Visual physiology,1
Supercritical extraction,1
Surgery for vascular occlusion caused by peripheral arteriosclerosis,1
Mesenchymal stem cell immune regulation,1
Dietary intervention study,1
Beverage management,1
Pollination biology,1
Horticultural crop disease prevention,1
Horticultural therapy,1
Stem cell differentiation regulation,1
Stem cell biology,1
"Stem cell regenerative medicine, gene therapy, protein structure and function",1
Stem cell regeneration medicine research,1
Stem cell research,1
Stem cell and crude drug synthesis,1
Stem cells and regenerative medicine,1
The role of microRNAs in host and virus interaction,1
Microbial molecular typing,1
Relationship between microorganisms and plants,1
Microbiology,1
Microbiology,1
Microbial physiology and metabolism,1
Microbial ecology and taxonomy,1
Microbial ecology and evolution,1
Microbial synthesis,1
Microbial immunology,1
Rapid identification of microorganisms,1
Microbial system classification,1
Microbiology systematics,1
Microbial expression system,1
Microbial culture and application,1
Microbial gene,1
Microbial fermentation,1
Microbiological diagnosis,1
Microbial development,1
Microbiology and Molecular Biology,1
Interaction between microorganisms and plants,1
Microbial and enzyme utilization,1
Microbial inheritance,1
Microbial genetics,1
"Microbial genetics, molecular biology, microbial genomics, biological information",1
Microbiological test,1
Microbial fermentation,1
Micro-learning,1
Microfluidic biochip,1
Trace element analysis,1
Preparation and application of microcapsules,1
Microalgae biomass,1
Microalgae gene transfer,1
Microalgae application,1
Infection control,1
Infectious microbiology,1
New product development,1
New product development practice,1
Metabolism,1
Metabolic disease,1
News English,1
New compound anti-tumor mechanism,1
Design and development of novel antibacterial wins and antibacterial,1
New drug design and synthesis,1
Microbial Phase Analysis of Extremely High Salt Taikoo Wetland and Methane Hydrate Occurrence Area,1
Stream fish,1
Wetland ecology,1
Research and development of poultry products and processing technologies,1
Meridian characteristics,1
Economic botany,1
Management,1
Cluster sensing system,1
Brain stroke,1
Cerebrovascular disease,1
Cerebrovascular pharmacology,1
Cerebral ischemia study,1
Brain imaging,1
brain tumor,1
Tumor angiogenesis,1
Tumor immunity,1
Tumor bone metastasis,1
Tumor genetics,1
Tumor microenvironment,1
Molecular research on tumor metastasis mechanism,1
Oncology and molecular pathology,1
Gut ecosystem,1
Chloroplast biology,1
Chloroplast development,1
Gene transfer and application of Cucurbitaceae crops,1
Bee product analysis and utilization,1
Anatomical physiology,1
Test design,1
Database management system,1
Resource conservation,1
Study on the pathogenic mechanism of Agrobacterium tumefaciens,1
Agricultural biotechnology,1
Agricultural weather,1
agronomy,1
Pesticide chemistry,1
The fate of pesticides and environmental pollutants in the environment,1
Pesticide toxicology,1
Motor nerve control of the muscles - foundation,1
Sports rehabilitation research,1
Exercise healing,1
Allergy immune rheumatology,1
Allergy,1
Taoist thought,1
electronic,1
Electrochemistry,1
Electrophysiology,1
Computer vision,1
Computer aided instruction,1
Computer aided drug design,1
Targeted drug delivery system,1
Development of health care products for prevention of cardiovascular chronic diseases and aging,1
Preventive health care,1
Preventive Medicine,1
Feed/nutritional food formula design,1
Feed and animal nutrition,1
Feed microscopy and analysis,1
Graphic theory,1
Graphic recognition,1
Empirical medicine,1
Laboratory certification system,1
Experimental animal,1
Establishment of experimental animal evaluation model,1
Laboratory zoology clinical management,1
Experimental chemistry,1
Chronic obstructive pulmonary disease,1
Chronic renal failure,1
Fishery biology,1
Evolution and ecological genomics,1
Evolutionary physiology,1
Evolutionary ecology,1
Evolutionary ecology,1
Evolution,1
Evolution and diversity,1
Evolutionary genetics,1
Calculation of biological and biological information,1
Algorithm design,1
Algorithmic,1
Sleep disorder,1
Magnetic field navigation,1
Seed dormancy,1
Seed plant secondary growth,1
Seeding,1
Genetic mechanism,1
Breeding pig,1
management,1
Mature egg,1
Mental illness rehabilitation study,1
Psychopharmacology,1
Green industry innovation,1
Networked science learning,1
Network and system reliability analysis,1
Network biology,1
Genetic transfer with animals,1
Spiderology,1
Tea making technology,1
Pharmaceutical engineering,1
Pharmacy,1
Cognitive neuroscience,1
Speech coding,1
Remote sensing,1
Yeast genetics,1
Yeast genetics and genomics,1
Yeast genetics,1
Enzyme technology,1
Enzyme engineering,1
Enzyme and Protein Application Engineering,1
Enzyme immobilization,1
Enzyme treatment,1
Enzymes and inhibitors,1
Enzyme and Protein Engineering,1
Enzymes and biochemical metabolism,1
Feed biology,1
Discussion on cancer of nasopharyngeal carcinoma,1
Chromatographic extraction,1
Wastewater treatment,1
Waste utilization,1
Digital Flora,1
Numerical ecology,1
Mathematical application,1
Exposure risk prediction assessment,1
Tropical ecosystem,1
Rumen microorganism,1
Rumen microbial fermentation regulation,1
Cereal chemistry,1
Box net breeding,1
Membrane protein (body) purification,1
Glue cell growth and differentiation,1
Phalaenopsis breeding,1
Curriculum theory,1
Mass spectrometer and proteosome analysis,1
Mass spectrometry,1
Molecular mechanism of adaptive evolution,1
Breeding project,1
Farming ecology and management,1
Farmed fish disease,1
Aquaculture management,1
Beekeeping technology,1
Beekeeping,1
Coagulation system,1
Formulation design,1
Organ development and evolution,1
Phage,1
Phage display technology,1
Animal behavior patterns of learning and memory,1
Overall shape,1
Overall design,1
Development and application of functional biotechnology feed additives,1
Functional ingredient application,1
Functional health care,1
Functional food,1
Functional food development,1
Functional food development and application,1
Functional foods and Chinese herbal medicines,1
Development of functional foods and medicinal plants,1
Development of functional fermented products,1
Functional health care,1
Probability statistics,1
Diabetic nephropathy,1
Dietary nutrition,1
Ferns,1
Radiation biology,1
Radiation tumor biology,1
Genetic,1
Genetic disease pattern,1
Genetic research,1
Head trauma,1
Catering cost control and menu design,1
Catering hygiene management and food regulations,1
Pressure adaptation,1
Applied genomics,1
Applied microorganisms and enzymes,1
Applied algae,1
Mimic biology,1
Detection analysis,1
Detection and processing,1
Inspection technology development and application,1
Wetland ecology,1
Nutritional chemistry,1
Nutrition and Cardiovascular Epidemiology,1
Nutritional immunology,1
Nutritional epigenetics,1
Nutrient genome,1
Nutrition and disease,1
Environmental soil biogeochemistry,1
Environmental Engineering,1
Environmental and hydrogeology,1
Environment?,1
Environmental biological phenomenon,1
Environmental biology,1
Environmental ecology,1
Immune effects of environmental factors on lung structural cells,1
Environmentally harmful animals,1
Environmental Organic Chemistry and Environmental Molecular Simulation,1
Bioremediation technology for environmental pollution,1
Environmental pollution prevention,1
Environmental pollutant analysis,1
Environmental pollution remediation technology,1
Environmental pollution detection,1
Environmental Nanotechnology,1
Environmental protection,1
Environmental quality monitoring,1
Environmental virology,1
Effects of Environmental Stress on Plant Physiological Metabolism and Microstructure,1
Environmental education promotion,1
Effects of environmental hormones on reproduction,1
Environmental general education,1
Environmental Assessment,1
Environmental microbial diversity,1
Environmental resources and conservation,1
Environmental stress and endocrine,1
Environment and health,1
Environmental Impact Assessment,1
Environmental medicine,1
Development of molecular diagnostic and drug treatment research for cancer,1
Cancer molecular medicine,1
Cancer Molecular Medicine and Immunology,1
Cancer metabolism,1
Cancer research and treatment,1
Cancer research and molecular viruses,1
Cancer bone metastasis drug screening,1
Cancer gene,1
Cancer gene therapy,1
Cancer target diagnosis and treatment,1
Cancer inheritance,1
Cancer metastasis,1
Cancer medicine,1
Cancer medicine,1
Metastasis of cancer cells,1
Message transmission in cancer cells,1
Cancer cell biology,1
Cancer stem cell science,1
Carcinoma,1
Clinical molecular detection technology,1
Clinical chemistry,1
Clinical biochemistry and ethics,1
Clinical microbiological diagnosis,1
Clinical trial design,1
Clinical data interpretation study,1
Clinical drug therapy,1
Clay mineralogy,1
occupational health,1
Cord blood embryonic stem cell,1
Biological control of pests,1
Pest management,1
Establishment and discussion of transgenic plant systems,1
Medical virus molecular biology,1
Medical management,1
Medical engineering,1
Medical biochemistry,1
Medical entomology,1
medical cosmetology,1
Medical fungus,1
Medical education,1
Medical Genetics,1
medical test,1
Medical equipment practice,1
medicine,1
Clinical application of medical technology,1
Twin studies and genetic epidemiology studies,1
Pharmacology and biophysics of ion channels,1
Ion channel and synaptic transmission,1
discrete mathematics,1
veterinary,1
Introduction to Art,1
Medicinal crop cultivation,1
Medicinal fungus,1
Medicinal plants and microbial systems produce valuable proteins,1
Medicinal plant research and development,1
Medicinal plant cultivation,1
Medicinal plant tissue culture and Chinese herbal medicine anti-cancer,1
Medicinal chemistry,1
Drug synthesis and structure identification,1
Drug delivery system,1
Drug anti-cancer and immunity,1
Drug activity assessment,1
Drug genotoxicity study,1
Drug controlled release,1
Drug design,1
Drug conduction,1
Drug management,1
Drug screening platform,1
Drug screening assessment,1
Pharmacology,1
Genealogy,1
Fermentation program control,1
Whale dolphins research,1
Mineral structure and surface chemistry,1
Mineral element analysis,1
Algae molecular biotechnology,1
Algae nitrogen fixation,1
Algae food nutrition,1
Algae culture technology,1
Algae purification water quality,1
Algae breeding and physiological ecology,1
Tactile and painful central nervous network,1
Orchid biotechnology,1
Orchid biotechnology,1
Development and cytogenetics of orchids,1
Skin care,1
Auditory physiology,1
Forensic science,1
Cilia pathology and exercise,1
Fibrosis reaction,1
Microscopic analysis,1
Microscopy,1
Physical analysis technique,1
Lepidoptera,1
Mycotoxins on animal pathogens and mycotoxin detection,1
epilepsy,1
Ganoderma,1
Ganoderma lucidum culture and ganoderma genomic analysis,1
Ornamental fish breeding,1